{"cameraMode":{"drawMode":0,"name":"Shaded","section":"Shading Mode"},"sceneLighting":false,"audioPlay":false,"sceneViewState":{"m_AlwaysRefresh":false,"showFog":true,"showSkybox":false,"showFlares":true,"showImageEffects":true,"showParticleSystems":true,"showVisualEffectGraphs":true,"m_FxEnabled":true},"in2DMode":false,"pivot":{"x":1.0626404285430909,"y":0.4921867847442627,"z":3.1964097023010256},"rotation":{"x":0.17759481072425843,"y":-0.17028357088565827,"z":0.031249361112713815,"w":0.9687873721122742},"size":2.713167905807495,"orthographic":false}