{"cameraMode":{"drawMode":0,"name":"Shaded","section":"Shading Mode"},"sceneLighting":false,"audioPlay":false,"sceneViewState":{"m_AlwaysRefresh":false,"showFog":true,"showSkybox":false,"showFlares":true,"showImageEffects":true,"showParticleSystems":true,"showVisualEffectGraphs":true,"m_FxEnabled":true},"in2DMode":false,"pivot":{"x":-1.3547989130020142,"y":-0.3038128614425659,"z":1.4052432775497437},"rotation":{"x":-0.020617404952645303,"y":-0.9778575897216797,"z":0.11672569811344147,"w":-0.17259301245212556},"size":2.713167905807495,"orthographic":false}